Year,Title,ISO-8601,ImageURI,Description,URL
2000,First Thing,2000-10-15T09:19:43+0000,"https://upload.wikimedia.org/wikipedia/commons/thumb/9/98/SCHEMA-FORMOSAT-3.png/440px-SCHEMA-FORMOSAT-3.png","On this day a certain something happened, OK?",
2001,Second Thing,2001-10-15T09:19:43+0000,"https://upload.wikimedia.org/wikipedia/commons/thumb/9/98/SCHEMA-FORMOSAT-3.png/440px-SCHEMA-FORMOSAT-3.png","On this day a certain something happened, OK?",
2002,Third Thing,2002-10-15T09:19:43+0000,"https://upload.wikimedia.org/wikipedia/commons/thumb/9/98/SCHEMA-FORMOSAT-3.png/440px-SCHEMA-FORMOSAT-3.png","On this day a certain something happened, OK?",
2003,Fourth Thing,2003-10-15T09:19:43+0000,"https://upload.wikimedia.org/wikipedia/commons/thumb/9/98/SCHEMA-FORMOSAT-3.png/440px-SCHEMA-FORMOSAT-3.png","On this day a certain something happened, OK?",
2004,this Thing,2004-10-15T09:19:43+0000,"https://upload.wikimedia.org/wikipedia/commons/thumb/9/98/SCHEMA-FORMOSAT-3.png/440px-SCHEMA-FORMOSAT-3.png","On this day a certain something happened, OK?",
2005,that Thing,2005-10-15T09:19:43+0000,"https://upload.wikimedia.org/wikipedia/commons/thumb/9/98/SCHEMA-FORMOSAT-3.png/440px-SCHEMA-FORMOSAT-3.png","On this day a certain something happened, OK?",
2008,A Great Thing,2008-10-15T09:19:43+0000,"https://upload.wikimedia.org/wikipedia/commons/thumb/9/98/SCHEMA-FORMOSAT-3.png/440px-SCHEMA-FORMOSAT-3.png","On this day a certain something happened, OK?",
2010,some other Thing,2010-10-15T09:19:43+0000,"https://upload.wikimedia.org/wikipedia/commons/thumb/9/98/SCHEMA-FORMOSAT-3.png/440px-SCHEMA-FORMOSAT-3.png","On this day a certain something happened, OK?",
2016,Another Thing,2016-10-15T09:19:43+0000,"https://upload.wikimedia.org/wikipedia/commons/thumb/9/98/SCHEMA-FORMOSAT-3.png/440px-SCHEMA-FORMOSAT-3.png","On this day a certain something happened, OK?",
2020,Last Thing,2020-10-15T09:19:43+0000,"https://upload.wikimedia.org/wikipedia/commons/thumb/9/98/SCHEMA-FORMOSAT-3.png/440px-SCHEMA-FORMOSAT-3.png","On this day a certain something happened, OK?",
